ID,District,ToiletCoverage,OpenDefecation,Literacy,IncomeIndex,UrbanRatio,IMR,ADDCases
1,Salem,100,0,96,89,41,2.77,188
2,Kanniyakumari,93,0,84,70,77,7.03,178
3,Tiruvallur,92,5,88,76,26,6.72,191
4,Pudukkottai,91,0,80,90,49,8.2,215
5,Krishnagiri,91,0,91,75,98,4.32,213
6,Tiruvannamalai,88,11,79,99,57,5.88,245
7,Kanniyakumari,71,20,96,73,43,13.14,379
8,Pudukkottai,100,0,97,81,15,2.59,165
9,Sivaganga,75,13,74,100,62,13.45,324
10,Virudhunagar,100,0,68,75,55,7.41,123
11,Nilgiris,87,7,67,41,39,9.27,353
12,Vellore,90,0,77,80,94,7.51,323
13,Madurai,97,0,74,59,25,3.73,182
14,Kanniyakumari,71,27,75,42,94,10.8,308
15,Madurai,87,9,87,59,98,6.73,198
16,Krishnagiri,86,2,77,96,72,6.06,291
17,Nagapattinam,84,13,88,91,53,10.95,289
18,Thoothukudi,90,0,88,86,58,5.3,193
19,Tiruppur,91,5,78,87,44,9.35,187
20,Kancheepuram,87,12,97,88,50,6.94,351
21,Kancheepuram,74,12,94,63,90,10.51,347
22,Namakkal,77,11,68,83,76,9.75,316
23,Tirunelveli,93,0,82,92,63,5.47,190
24,Krishnagiri,87,6,96,55,45,6.0,198
25,Ariyalur,94,1,91,86,33,9.35,299
26,Tiruppur,81,10,74,83,47,6.66,293
27,Madurai,77,17,94,54,81,10.19,378
28,Thoothukudi,89,9,94,54,48,9.49,225
29,Nagapattinam,70,17,85,64,32,10.91,428
30,Dindigul,88,11,86,59,35,9.62,295
31,Namakkal,98,0,70,56,33,7.24,229
32,Perambalur,71,28,95,51,31,10.67,357
33,Dindigul,95,0,72,78,57,7.54,152
34,Pudukkottai,99,0,72,83,75,7.75,233
35,Tenkasi,70,25,69,63,27,9.2,367
36,Kancheepuram,76,19,73,80,30,11.6,366
37,Tenkasi,70,22,73,65,38,10.84,401
38,Tiruvallur,99,0,88,66,88,8.51,192
39,Nagapattinam,72,13,96,90,92,9.47,331
40,Thanjavur,100,0,80,55,72,8.58,133
41,Tiruvannamalai,96,0,78,65,45,5.91,259
42,Ariyalur,95,0,73,97,27,8.08,308
43,Tiruvarur,84,16,67,98,41,10.26,229
44,Namakkal,92,4,73,93,44,4.78,261
45,Ramanathapuram,91,2,80,82,54,4.69,217
46,Karur,81,18,87,80,55,10.54,337
47,Chengalpattu,83,7,92,99,52,11.06,376
48,Thanjavur,100,0,88,41,65,3.53,170
49,Thanjavur,72,20,71,79,36,13.26,337
50,Krishnagiri,90,2,72,45,45,7.21,274
51,Pudukkottai,88,0,80,52,97,10.48,304
52,Mayiladuthurai,98,0,74,54,81,5.35,161
53,Tiruvarur,95,5,91,65,50,6.76,303
54,Salem,100,0,90,92,30,5.55,249
55,Tiruppur,77,16,73,59,17,12.92,296
56,Tiruvallur,90,0,98,87,91,9.1,199
57,Tiruvarur,75,25,73,70,87,8.67,381
58,Erode,88,4,82,49,92,6.45,194
59,Tirupathur,80,17,77,74,32,8.39,252
60,Pudukkottai,100,0,91,55,36,3.52,201
61,Tenkasi,72,23,85,65,23,8.06,354
62,Salem,100,0,76,78,75,6.46,173
63,Kancheepuram,83,13,78,53,76,9.61,230
64,Mayiladuthurai,94,0,92,89,40,6.28,294
65,Thanjavur,97,2,76,95,74,4.85,177
66,Viluppuram,80,6,76,55,31,7.09,395
67,Dharmapuri,91,3,79,62,28,8.15,217
68,Coimbatore,84,4,77,79,32,6.62,316
69,Kallakurichi,87,11,98,71,33,7.04,244
70,Tenkasi,76,19,73,66,26,12.14,322
71,Thoothukudi,88,6,87,61,86,5.6,289
72,Chennai,72,24,86,41,41,10.12,387
73,Nagapattinam,85,6,71,43,16,5.94,215
74,Ranipet,86,5,72,61,47,7.93,291
75,Theni,86,5,89,42,95,5.47,205
76,Perambalur,98,0,84,79,42,3.73,262
77,Krishnagiri,72,21,84,49,96,13.09,343
78,Tenkasi,72,18,81,56,60,12.34,294
79,Virudhunagar,99,0,67,53,19,5.72,219
80,Tiruvarur,74,25,83,51,24,12.72,377
81,Perambalur,92,0,98,86,73,8.09,296
82,Mayiladuthurai,74,22,73,76,80,13.56,342
83,Nilgiris,77,11,68,93,74,11.1,301
84,Perambalur,88,0,76,61,48,9.46,198
85,Tiruvarur,74,18,65,52,51,12.53,310
86,Tenkasi,91,0,79,66,42,8.03,285
87,Ranipet,90,0,69,80,94,10.67,258
88,Tirupathur,91,9,77,58,61,6.41,197
89,Krishnagiri,88,9,90,65,51,6.47,335
90,Ranipet,75,23,81,61,98,13.07,335
91,Tiruppur,97,0,86,40,85,3.95,234
92,Ariyalur,98,0,97,69,48,6.38,223
93,Madurai,89,8,67,93,16,9.0,244
94,Krishnagiri,77,23,81,72,88,10.63,399
95,Kallakurichi,96,1,65,72,70,9.26,284
96,Virudhunagar,71,20,94,40,69,11.64,350
97,Nilgiris,72,23,68,78,69,9.56,371
98,Krishnagiri,92,4,81,44,21,5.88,315
99,Tiruvarur,95,0,87,57,88,5.48,261
100,Chengalpattu,79,13,94,68,76,10.31,390
101,Karur,71,21,74,51,91,12.1,398
102,Perambalur,82,12,90,97,55,6.25,322
103,Nilgiris,71,18,75,96,22,11.3,398
104,Krishnagiri,87,13,97,88,51,10.52,233
105,Madurai,70,30,84,75,55,9.33,422
106,Tenkasi,92,1,93,57,33,5.7,243
107,Pudukkottai,83,14,84,82,30,6.72,230
108,Nilgiris,92,8,83,64,29,8.28,169
109,Coimbatore,88,0,84,75,54,6.33,223
110,Ariyalur,91,2,72,50,77,8.9,282
111,Karur,77,14,77,86,87,8.16,364
112,Tenkasi,72,17,81,41,17,9.24,365
113,Thanjavur,86,3,90,46,68,10.81,356
114,Nagapattinam,89,3,72,76,48,9.82,282
115,Thoothukudi,83,10,83,64,74,9.74,352
116,Cuddalore,70,18,69,81,64,10.92,455
117,Kancheepuram,76,21,68,74,52,10.76,389
118,Ariyalur,91,4,80,58,69,6.35,324
119,Kanniyakumari,93,0,70,100,64,9.23,163
120,Kancheepuram,82,3,87,42,43,11.88,339
121,Mayiladuthurai,82,3,90,65,89,9.9,333
122,Sivaganga,75,19,69,86,59,10.36,328
123,Nagapattinam,80,5,92,97,42,6.41,291
124,Thanjavur,100,0,89,94,44,2.68,160
125,Tirunelveli,87,10,89,55,62,9.15,286
126,Tiruppur,83,9,86,76,66,11.56,294
127,Tirupathur,85,0,72,55,80,7.26,335
128,Theni,92,4,86,73,51,9.16,245
129,Erode,70,19,94,42,49,13.29,314
130,Theni,91,0,65,92,52,8.57,199
131,Sivaganga,75,14,97,93,66,12.93,304
132,Erode,77,13,95,83,71,8.59,405
133,Chengalpattu,72,26,90,48,24,8.72,422
134,Nilgiris,99,0,82,43,37,6.57,135
135,Cuddalore,85,12,98,63,44,10.49,337
136,Dindigul,70,15,93,95,19,11.82,332
137,Coimbatore,78,19,82,79,27,9.88,340
138,Pudukkottai,81,9,80,73,25,9.07,367
139,Namakkal,98,0,86,94,55,5.67,282
140,Nagapattinam,77,15,91,48,67,8.54,352
141,Madurai,92,0,92,98,92,4.51,244
142,Tiruvallur,98,0,88,61,59,4.0,137
143,Karur,73,22,98,57,36,12.44,297
144,Krishnagiri,78,22,91,68,84,9.19,262
145,Virudhunagar,84,16,84,78,64,6.43,320
146,Cuddalore,80,8,91,65,58,9.48,278
147,Ramanathapuram,77,20,69,82,68,8.38,323
148,Perambalur,88,1,77,70,90,10.45,267
149,Mayiladuthurai,73,27,90,97,78,12.68,340
150,Cuddalore,97,0,76,53,85,3.71,199
151,Virudhunagar,75,24,86,73,79,11.7,272
152,Cuddalore,87,8,73,69,89,8.42,245
153,Nagapattinam,85,10,93,65,69,8.28,220
154,Erode,74,17,75,100,84,12.36,410
155,Tiruvallur,88,10,98,84,86,6.2,326
156,Tirupathur,88,12,94,40,51,10.07,350
157,Madurai,74,21,78,64,54,8.23,362
158,Madurai,71,17,83,83,19,12.4,428
159,Namakkal,76,19,70,66,37,7.95,322
160,Tenkasi,79,13,83,55,53,6.87,342
161,Madurai,71,19,73,83,23,10.31,316
162,Nagapattinam,80,18,95,94,55,11.23,331
163,Madurai,85,8,66,81,31,7.16,294
164,Tiruppur,94,0,82,67,71,4.96,288
165,Mayiladuthurai,83,5,83,59,83,10.76,369
166,Erode,87,0,75,40,31,7.25,289
167,Viluppuram,72,26,91,92,74,12.14,312
168,Erode,74,14,79,98,71,9.71,433
169,Dindigul,99,0,70,91,35,3.96,182
170,Tiruvarur,90,0,73,77,32,5.06,232
171,Mayiladuthurai,100,0,77,92,86,6.26,215
172,Chengalpattu,73,22,78,61,100,9.21,398
173,Tiruvallur,99,0,77,99,52,3.32,206
174,Chengalpattu,91,0,68,73,46,5.66,329
175,Madurai,96,0,70,42,55,8.96,209
176,Viluppuram,74,20,91,71,61,12.95,391
177,Ramanathapuram,85,0,82,78,74,9.35,222
178,Tiruvarur,92,4,80,65,79,8.72,323
179,Erode,80,9,85,87,82,12.26,324
180,Karur,76,23,70,74,78,13.67,307
181,Ariyalur,71,16,86,46,50,12.97,399
182,Kancheepuram,99,0,84,71,68,8.3,129
183,Thanjavur,74,18,91,64,65,11.77,357
184,Thoothukudi,81,17,89,95,36,10.61,286
185,Tiruvannamalai,76,23,79,52,47,7.64,266
186,Thanjavur,81,6,70,56,55,11.54,365
187,Ranipet,82,17,88,90,32,11.0,261
188,Tiruvarur,87,0,78,40,51,10.23,229
189,Ariyalur,73,23,80,94,52,12.72,403
190,Sivaganga,92,0,86,58,47,9.44,308
191,Ramanathapuram,73,15,98,69,25,12.74,292
192,Viluppuram,99,0,97,81,55,5.76,170
193,Dharmapuri,72,25,90,59,26,8.04,328
194,Virudhunagar,91,0,78,100,78,9.05,225
195,Karur,79,18,73,48,80,9.62,293
196,Nilgiris,82,16,76,96,37,6.73,306
197,Viluppuram,90,0,90,80,50,5.95,273
198,Krishnagiri,92,0,66,100,46,10.36,188
199,Karur,91,6,90,43,74,5.91,219
200,Krishnagiri,82,15,96,75,47,8.72,276
201,Namakkal,72,13,66,99,75,9.02,403
202,Tiruchirappalli,74,25,66,60,93,8.33,401
203,Erode,70,17,95,77,65,11.86,305
204,Madurai,86,7,95,64,60,6.52,279
205,Tiruvannamalai,96,0,83,60,39,5.32,210
206,Madurai,79,9,90,46,46,9.82,251
207,Tenkasi,86,4,97,68,84,6.61,263
208,Kancheepuram,73,18,68,61,95,13.31,315
209,Virudhunagar,95,2,68,88,68,6.67,179
210,Tiruvannamalai,91,1,68,57,94,8.58,298
211,Tiruvannamalai,88,9,95,62,47,4.71,268
212,Namakkal,80,14,87,88,77,7.63,299
213,Kanniyakumari,89,3,69,85,77,10.06,291
214,Mayiladuthurai,99,0,98,50,40,5.48,209
215,Cuddalore,71,25,90,47,26,9.96,319
216,Theni,87,8,87,70,58,9.22,343
217,Coimbatore,78,17,67,66,41,8.27,412
218,Nagapattinam,90,10,97,64,32,9.81,299
219,Sivaganga,99,0,74,63,72,8.9,140
220,Theni,77,8,92,76,59,9.58,398
221,Madurai,74,17,65,44,74,13.29,379
222,Ariyalur,74,22,71,89,27,13.23,367
223,Nagapattinam,99,0,79,63,35,8.03,207
224,Tiruppur,85,11,70,82,50,11.07,283
225,Mayiladuthurai,98,0,78,51,67,4.54,276
226,Viluppuram,84,13,72,83,97,9.26,294
227,Cuddalore,73,27,82,69,59,10.82,425
228,Cuddalore,98,0,79,96,73,3.93,178
229,Chennai,94,3,84,98,20,8.76,280
230,Tiruvannamalai,78,14,66,85,67,11.19,268
231,Tiruvannamalai,92,0,71,70,82,10.17,215
232,Salem,100,0,66,90,16,5.71,190
233,Chengalpattu,77,10,73,67,72,10.69,368
234,Thanjavur,91,0,71,72,95,7.76,195
235,Krishnagiri,77,10,90,45,96,7.05,399
236,Ranipet,92,0,85,68,74,6.47,174
237,Tiruppur,75,21,84,57,74,13.25,294
238,Erode,77,19,70,74,15,10.65,280
239,Sivaganga,90,2,88,61,46,9.87,271
240,Vellore,91,5,82,81,70,6.76,201
241,Kancheepuram,81,13,81,46,27,8.82,385
242,Tenkasi,78,8,73,91,15,8.63,290
243,Ranipet,91,1,81,43,21,5.0,178
244,Theni,94,3,80,57,68,7.18,294
245,Coimbatore,97,0,98,80,53,5.57,280
246,Nagapattinam,84,13,72,43,61,8.45,280
247,Dharmapuri,99,0,72,78,40,4.72,162
248,Cuddalore,87,0,82,82,15,5.44,245
249,Tiruchirappalli,77,15,83,40,81,9.87,272
250,Tirunelveli,71,25,67,70,63,11.95,427
251,Ramanathapuram,98,0,97,60,15,4.32,264
252,Virudhunagar,98,0,83,91,23,7.57,260
253,Namakkal,90,0,77,49,68,5.05,242
254,Dindigul,99,0,91,50,73,3.98,136
255,Ranipet,73,26,69,40,83,11.14,330
256,Chengalpattu,80,11,67,49,40,11.48,353
257,Tiruvallur,81,16,98,44,64,9.62,254
258,Madurai,94,2,83,48,35,4.66,310
259,Pudukkottai,99,0,94,97,81,6.12,181
260,Chennai,98,0,98,43,80,7.41,229
261,Mayiladuthurai,96,3,74,87,25,5.85,224
262,Sivaganga,94,0,84,64,41,5.48,192
263,Viluppuram,75,15,89,63,83,9.65,369
264,Erode,90,0,74,75,60,8.19,311
265,Cuddalore,79,11,82,50,84,9.54,383
266,Kancheepuram,77,9,89,99,81,8.36,342
267,Namakkal,93,1,90,73,91,5.77,316
268,Karur,82,15,73,52,35,10.28,242
269,Tiruchirappalli,95,2,94,70,15,8.27,182
270,Salem,84,5,71,61,41,8.93,366
271,Virudhunagar,70,28,91,90,50,12.4,400
272,Thoothukudi,82,7,93,78,38,10.36,327
273,Namakkal,96,1,70,78,58,8.06,247
274,Coimbatore,95,0,89,81,54,7.36,226
275,Ranipet,94,0,79,71,92,7.97,298
276,Salem,98,0,82,99,46,3.33,174
277,Kallakurichi,85,11,93,87,61,10.55,362
278,Tiruppur,84,7,85,72,54,5.99,353
279,Kallakurichi,94,0,65,64,16,9.53,200
280,Madurai,99,0,85,50,47,3.77,236
281,Tiruvannamalai,76,12,90,59,70,12.18,285
282,Pudukkottai,77,20,81,62,63,7.38,334
283,Tenkasi,94,6,72,63,32,5.86,194
284,Tiruvarur,95,0,95,73,91,5.48,306
285,Tiruvallur,78,10,97,72,34,8.51,403
286,Madurai,90,0,72,66,87,7.91,324
287,Theni,86,10,75,99,84,9.49,260
288,Tirunelveli,85,8,92,48,98,9.2,223
289,Tiruchirappalli,71,25,95,75,53,8.79,335
290,Tenkasi,92,0,69,86,64,5.85,259
291,Coimbatore,98,0,71,48,67,5.36,256
292,Ranipet,97,0,85,96,86,4.32,225
293,Coimbatore,86,2,87,55,76,11.1,264
294,Ariyalur,97,0,77,45,48,6.77,229
295,Theni,87,0,82,62,29,8.16,295
296,Dindigul,90,1,79,78,68,7.09,277
297,Namakkal,74,12,85,87,78,12.49,319
298,Viluppuram,90,2,94,43,62,6.42,326
299,Dindigul,74,24,94,46,55,11.3,342
300,Madurai,98,0,90,86,80,7.11,259
301,Erode,92,0,90,94,90,9.64,305
302,Chennai,74,18,87,79,44,11.87,395
303,Ariyalur,99,1,85,79,88,6.71,231
304,Theni,76,22,73,48,68,7.93,309
305,Coimbatore,86,8,81,42,83,8.97,273
306,Chengalpattu,100,0,66,87,58,6.11,184
307,Ariyalur,88,1,74,53,44,8.06,323
308,Virudhunagar,87,6,93,92,41,9.26,263
309,Tenkasi,89,0,72,89,41,8.92,212
310,Karur,75,20,95,89,75,10.73,288
311,Cuddalore,86,3,68,46,74,11.19,358
312,Kallakurichi,88,0,85,89,27,5.85,316
313,Tiruppur,74,19,73,66,36,10.61,425
314,Sivaganga,86,14,89,43,67,10.91,260
315,Tirunelveli,75,15,88,65,45,10.26,335
316,Perambalur,71,23,66,72,65,12.41,351
317,Ariyalur,71,17,86,51,42,9.38,365
318,Ariyalur,93,0,70,54,98,9.94,266
319,Thoothukudi,79,8,79,86,88,12.4,402
320,Ariyalur,83,3,77,70,66,9.77,248
321,Thanjavur,74,16,94,95,37,7.77,279
322,Chengalpattu,85,13,87,54,40,8.19,271
323,Tiruchirappalli,75,10,71,82,61,11.01,274
324,Erode,88,9,90,71,17,6.0,333
325,Dharmapuri,100,0,82,51,93,6.22,250
326,Tirupathur,93,0,77,69,93,9.17,263
327,Coimbatore,75,23,73,46,52,10.5,327
328,Coimbatore,81,19,68,45,16,12.12,267
329,Tirupathur,100,0,84,100,84,6.46,175
330,Cuddalore,74,11,84,92,21,11.89,281
331,Tiruchirappalli,85,4,94,69,76,10.71,210
332,Sivaganga,72,20,90,81,92,11.52,330
333,Madurai,81,12,88,58,87,6.21,252
334,Madurai,70,27,96,43,51,9.09,454
335,Nagapattinam,86,11,91,93,64,6.98,206
336,Cuddalore,99,0,67,77,83,6.95,174
337,Thoothukudi,87,0,94,59,42,9.41,254
338,Tenkasi,97,0,89,59,60,3.32,219
339,Salem,91,9,68,84,53,10.39,292
340,Nagapattinam,88,8,80,94,37,6.86,333
341,Dharmapuri,97,0,68,93,39,3.7,202
342,Vellore,86,7,73,65,95,5.96,239
343,Tiruppur,96,1,68,96,81,8.66,294
344,Vellore,80,9,84,54,82,10.11,354
345,Kanniyakumari,81,16,88,87,100,10.41,341
346,Tiruvannamalai,90,0,84,58,56,9.37,192
347,Kancheepuram,85,11,83,44,44,6.32,259
348,Viluppuram,82,11,97,68,28,8.21,252
349,Dharmapuri,74,26,65,45,17,8.96,369
350,Sivaganga,83,15,88,43,35,6.36,306
351,Madurai,89,1,71,82,58,5.44,228
352,Nilgiris,90,0,72,44,55,10.51,193
353,Karur,100,0,77,47,75,4.87,227
354,Theni,88,9,96,89,51,9.1,346
355,Madurai,94,6,96,41,99,5.81,164
356,Cuddalore,91,0,86,67,77,10.1,317
357,Tiruchirappalli,75,11,94,53,66,9.62,328
358,Chennai,76,21,73,40,23,10.23,268
359,Kanniyakumari,71,29,86,90,30,12.64,443
360,Namakkal,96,1,76,65,99,5.55,298
361,Perambalur,88,5,80,78,100,10.9,200
362,Ariyalur,78,11,86,84,42,12.63,335
363,Dindigul,95,0,80,52,98,8.37,175
364,Ramanathapuram,95,0,83,88,57,7.13,202
365,Tirupathur,72,15,72,71,24,8.84,381
366,Perambalur,72,20,90,61,88,12.73,353
367,Mayiladuthurai,93,0,72,88,88,4.3,182
368,Tirupathur,79,6,66,42,58,8.0,333
369,Virudhunagar,87,1,71,70,86,6.97,318
370,Ariyalur,97,0,92,80,74,8.68,146
371,Krishnagiri,90,8,77,79,78,10.0,211
372,Cuddalore,81,12,93,77,57,6.44,373
373,Thanjavur,93,1,82,50,49,5.1,249
374,Viluppuram,89,0,74,77,62,10.84,223
375,Theni,74,17,69,68,58,12.98,365
376,Tiruvallur,90,0,85,87,42,4.99,278
377,Thoothukudi,76,24,82,55,24,9.5,361
378,Coimbatore,70,29,92,76,57,12.87,320
379,Salem,80,8,79,51,72,10.75,397
380,Sivaganga,95,0,88,67,34,9.07,183
381,Kancheepuram,96,0,78,48,44,8.21,299
382,Krishnagiri,98,0,77,94,91,5.31,158
383,Kanniyakumari,76,10,81,72,33,10.31,311
384,Tirunelveli,90,9,92,64,55,7.36,295
385,Krishnagiri,76,22,91,79,78,11.36,417
386,Kanniyakumari,83,10,67,82,75,9.56,352
387,Karur,95,0,94,78,18,7.18,279
388,Dindigul,97,0,85,72,52,3.15,145
389,Nilgiris,91,5,93,61,52,8.35,176
390,Krishnagiri,78,11,92,56,98,9.89,307
391,Tiruvallur,79,20,76,94,59,6.97,258
392,Nilgiris,92,0,71,62,83,7.91,182
393,Thanjavur,92,0,65,67,21,9.96,183
394,Cuddalore,72,28,85,75,84,13.21,306
395,Vellore,76,9,89,96,68,12.6,316
396,Nagapattinam,84,7,77,79,82,7.67,274
397,Tiruvarur,80,8,95,80,89,8.83,257
398,Dharmapuri,72,13,72,59,64,11.15,434
399,Karur,72,18,97,66,75,12.79,392
400,Viluppuram,89,0,67,75,97,8.29,343
401,Tirunelveli,88,11,88,94,99,8.88,207
402,Karur,84,2,84,49,74,7.28,303
403,Vellore,80,10,95,52,80,8.7,286
404,Kallakurichi,73,18,77,81,84,13.28,405
405,Coimbatore,83,13,76,51,40,11.32,299
406,Theni,76,12,75,45,75,13.4,293
407,Tenkasi,75,10,83,60,24,11.26,393
408,Chennai,99,0,84,43,81,8.03,284
409,Sivaganga,73,16,69,71,41,13.46,400
410,Nilgiris,82,3,87,69,93,11.2,235
411,Kallakurichi,91,0,81,53,48,6.09,306
412,Tirupathur,88,0,89,83,27,4.82,301
413,Kanniyakumari,90,0,86,79,67,7.25,185
414,Chennai,82,6,67,85,38,7.68,310
415,Tiruvallur,92,3,89,72,73,4.04,177
416,Tiruchirappalli,95,0,92,48,68,3.37,239
417,Chennai,78,9,89,60,83,11.07,265
418,Nilgiris,74,24,74,56,45,9.61,289
419,Perambalur,88,9,74,67,48,6.65,260
420,Tenkasi,81,8,87,99,83,10.72,268
421,Tirupathur,79,10,90,83,31,12.33,267
422,Thanjavur,80,10,95,96,54,12.05,310
423,Tenkasi,72,24,86,56,36,11.6,312
424,Theni,94,0,65,79,16,8.68,156
425,Virudhunagar,87,6,68,41,29,9.2,266
426,Vellore,72,16,84,66,95,12.62,328
427,Karur,73,12,85,68,99,11.08,372
428,Viluppuram,77,9,78,74,36,10.21,409
429,Tenkasi,98,0,91,95,53,5.03,242
430,Sivaganga,100,0,86,72,46,4.23,204
431,Virudhunagar,76,13,66,45,54,11.79,331
432,Virudhunagar,82,8,72,60,42,8.91,270
433,Karur,79,18,70,47,68,7.33,351
434,Nilgiris,91,6,67,79,98,5.86,284
435,Ranipet,78,12,91,72,43,9.26,257
436,Perambalur,96,3,68,44,70,5.05,272
437,Salem,94,0,83,59,15,8.0,189
438,Thanjavur,72,27,96,59,56,12.84,423
439,Kanniyakumari,85,7,82,41,29,9.0,348
440,Cuddalore,94,0,78,92,94,6.17,207
441,Thoothukudi,85,4,78,65,89,7.99,345
442,Tiruvannamalai,86,0,97,66,78,6.83,283
443,Nagapattinam,77,19,75,65,60,10.62,289
444,Ramanathapuram,99,0,92,55,42,3.23,189
445,Karur,100,0,95,66,59,2.8,198
446,Coimbatore,93,0,80,71,68,4.78,235
447,Ramanathapuram,93,2,91,61,33,4.28,223
448,Chengalpattu,90,0,86,91,57,4.51,252
449,Kancheepuram,79,16,65,56,74,12.53,352
450,Tiruppur,76,18,94,59,40,8.72,298
451,Nagapattinam,100,0,84,60,80,6.65,211
452,Nilgiris,96,0,74,42,78,6.97,299
453,Salem,97,0,70,55,79,5.87,223
454,Thoothukudi,100,0,85,48,82,3.85,185
455,Viluppuram,96,2,89,44,35,8.15,152
456,Kancheepuram,85,4,84,51,72,9.93,318
457,Cuddalore,79,8,98,58,81,8.11,365
458,Ranipet,98,0,68,60,28,4.58,163
459,Kanniyakumari,74,19,86,44,53,13.23,425
460,Kanniyakumari,90,7,78,59,27,4.98,309
461,Chennai,73,13,80,83,34,9.56,307
462,Coimbatore,94,0,66,99,22,7.69,242
463,Ranipet,74,23,77,61,80,11.13,350
464,Mayiladuthurai,85,9,91,65,37,7.33,213
465,Mayiladuthurai,87,2,92,60,25,5.13,261
466,Viluppuram,72,27,78,75,74,13.58,435
467,Tiruvallur,97,0,77,75,54,6.94,153
468,Thoothukudi,70,30,80,75,60,8.79,426
469,Dharmapuri,87,10,81,69,55,7.03,324
470,Tiruppur,75,16,65,79,45,9.95,416
471,Dharmapuri,72,16,82,62,55,9.16,357
472,Karur,99,0,88,98,61,3.96,129
473,Dindigul,90,1,85,52,38,8.96,261
474,Chengalpattu,94,3,75,78,33,9.41,210
475,Namakkal,85,12,85,42,15,9.46,280
476,Dindigul,83,7,70,93,52,7.11,371
477,Tiruvallur,100,0,74,99,97,7.1,137
478,Viluppuram,95,0,95,68,96,4.04,306
479,Virudhunagar,89,7,71,42,29,8.34,198
480,Viluppuram,73,26,68,52,65,8.88,333
481,Nilgiris,81,4,94,69,17,8.84,241
482,Tiruvallur,81,5,87,61,48,7.53,328
483,Theni,83,2,71,71,88,7.0,298
484,Tiruvarur,100,0,73,47,51,7.99,207
485,Cuddalore,77,21,93,100,55,11.61,275
486,Ariyalur,98,0,80,45,47,6.56,255
487,Vellore,83,6,77,65,92,8.11,229
488,Tirupathur,89,3,68,74,63,5.89,289
489,Coimbatore,97,0,93,93,49,6.87,277
490,Salem,82,18,86,84,39,8.74,306
491,Thanjavur,70,16,70,68,70,13.64,306
492,Tiruppur,76,16,77,85,48,12.33,412
493,Tiruvannamalai,83,5,86,63,32,9.31,345
494,Tirupathur,88,9,94,94,33,5.38,250
495,Theni,86,14,73,56,74,7.89,247
496,Kanniyakumari,74,12,84,63,87,9.15,301
497,Tirupathur,95,4,70,55,65,6.0,172
498,Dindigul,75,18,81,82,20,10.5,375
499,Kallakurichi,99,0,76,45,33,3.93,236
500,Thoothukudi,72,14,92,42,31,13.55,424
501,Perambalur,85,11,86,64,46,7.39,212
502,Tirunelveli,78,20,80,52,90,10.53,399
503,Kallakurichi,80,17,81,57,69,8.02,355
504,Viluppuram,99,0,80,96,97,6.79,219
505,Tiruppur,78,7,77,90,44,9.33,390
506,Salem,95,0,94,88,100,4.91,264
507,Dindigul,82,13,88,92,64,10.28,324
508,Tiruppur,70,21,80,89,46,12.37,396
509,Coimbatore,85,1,69,85,21,11.8,315
510,Ranipet,70,21,96,93,25,9.0,428
511,Viluppuram,71,29,93,82,76,11.94,353
512,Tirunelveli,70,26,92,81,47,11.7,395
513,Krishnagiri,88,0,76,76,70,5.88,197
514,Virudhunagar,72,21,96,57,91,10.09,420
515,Krishnagiri,76,20,81,62,45,12.9,338
516,Kancheepuram,71,14,87,95,26,8.65,320
517,Tiruvallur,71,16,98,49,43,8.83,299
518,Viluppuram,89,3,82,84,49,7.66,189
519,Vellore,75,18,88,69,73,7.82,278
520,Madurai,95,0,75,46,65,4.6,196
521,Namakkal,84,8,87,45,40,8.63,315
522,Dharmapuri,90,5,74,46,60,7.5,327
523,Cuddalore,73,27,97,54,17,11.07,389
524,Nilgiris,87,11,89,61,46,5.73,276
525,Tiruchirappalli,72,16,86,87,37,8.18,389
526,Tiruchirappalli,95,5,88,98,69,8.21,185
527,Salem,98,0,71,87,30,8.48,226
528,Kancheepuram,87,4,83,85,43,8.64,342
529,Tirunelveli,82,3,94,49,42,7.76,232
530,Tiruvannamalai,79,14,73,62,88,8.19,372
531,Kanniyakumari,74,13,76,98,15,8.86,279
532,Tirupathur,97,0,65,78,70,7.23,277
533,Perambalur,80,5,87,88,41,10.21,297
534,Tiruppur,75,24,75,70,50,8.8,330
535,Tiruvarur,88,11,73,56,54,10.59,301
536,Thanjavur,70,28,82,48,18,10.41,428
537,Tiruvarur,83,11,77,92,87,8.43,313
538,Erode,94,0,79,45,74,5.09,295
539,Mayiladuthurai,70,27,81,92,75,9.57,444
540,Pudukkottai,92,7,88,58,19,4.34,186
541,Tiruvarur,81,14,75,40,22,9.58,351
542,Mayiladuthurai,93,6,66,72,41,7.3,239
543,Sivaganga,73,25,83,82,25,9.28,317
544,Tiruchirappalli,70,26,88,51,31,12.98,421
545,Thanjavur,84,4,89,94,26,5.55,235
546,Pudukkottai,74,25,73,59,34,9.53,436
547,Karur,100,0,95,84,50,6.83,262
548,Nagapattinam,73,16,84,57,37,12.73,306
549,Virudhunagar,80,19,73,57,40,12.61,346
550,Chennai,99,1,90,100,79,2.72,276
551,Viluppuram,86,12,67,71,57,10.97,243
552,Nagapattinam,80,14,73,97,49,12.71,399
553,Madurai,71,20,94,48,57,10.7,411
554,Viluppuram,100,0,65,73,34,5.51,120
555,Ariyalur,86,4,92,42,62,9.27,301
556,Coimbatore,90,6,88,63,99,8.3,295
557,Krishnagiri,87,0,81,72,20,9.92,314
558,Thanjavur,93,0,68,51,85,8.4,189
559,Cuddalore,92,0,84,42,21,9.54,292
560,Theni,70,24,81,64,60,9.46,301
561,Ranipet,100,0,75,92,74,3.81,225
562,Tiruchirappalli,93,0,89,45,16,5.14,321
563,Viluppuram,85,4,92,86,94,9.92,237
564,Kanniyakumari,71,14,98,73,55,11.9,374
565,Kancheepuram,93,0,93,55,45,8.75,248
566,Cuddalore,88,0,67,40,89,7.49,274
567,Kancheepuram,99,0,76,72,56,7.41,144
568,Salem,99,0,97,50,22,5.35,176
569,Sivaganga,84,10,65,90,68,9.3,347
570,Vellore,89,4,98,81,29,9.48,270
571,Dindigul,73,16,94,48,64,12.07,326
572,Theni,96,0,72,85,47,6.45,270
573,Ariyalur,99,0,70,95,100,5.92,226
574,Tiruvallur,72,17,77,54,52,11.12,295
575,Vellore,78,22,68,87,100,10.86,373
576,Pudukkottai,72,22,89,95,60,10.73,344
577,Tirunelveli,88,10,79,78,65,10.19,218
578,Mayiladuthurai,84,5,69,98,62,10.26,282
579,Tiruchirappalli,92,1,90,42,73,7.71,185
580,Erode,88,4,67,86,55,11.27,237
581,Krishnagiri,78,10,66,49,62,11.51,323
582,Tirupathur,81,12,95,65,36,7.13,369
583,Perambalur,92,0,91,44,72,3.94,249
584,Thanjavur,84,13,93,69,19,9.86,318
585,Madurai,96,3,96,71,29,4.2,252
586,Dindigul,88,4,86,82,73,8.18,210
587,Cuddalore,88,7,88,66,48,9.1,337
588,Kanniyakumari,95,0,92,92,55,7.4,193
589,Tirupathur,73,21,85,44,81,10.29,369
590,Kallakurichi,85,4,95,76,51,5.79,364
591,Tiruvannamalai,100,0,71,75,42,3.22,152
592,Nilgiris,85,12,94,89,69,8.49,365
593,Tiruchirappalli,72,25,86,51,89,10.66,325
594,Tiruppur,87,13,91,87,27,10.71,285
595,Karur,77,14,84,55,27,11.43,265
596,Salem,95,4,96,81,84,6.7,222
597,Vellore,78,7,71,73,17,8.07,280
598,Nilgiris,80,17,84,95,100,8.52,297
599,Vellore,90,2,70,75,99,5.61,326
600,Thanjavur,79,20,97,94,95,10.84,321
601,Kanniyakumari,82,17,89,61,70,9.38,263
602,Namakkal,100,0,88,75,92,2.97,221
603,Cuddalore,95,1,70,87,39,9.25,223
604,Ramanathapuram,91,2,98,64,24,6.01,261
605,Coimbatore,99,0,83,65,20,5.83,196
606,Kanniyakumari,99,0,96,68,49,4.38,191
607,Viluppuram,73,22,77,51,75,9.99,308
608,Krishnagiri,97,0,95,59,43,4.62,160
609,Kanniyakumari,100,0,97,72,52,2.32,120
610,Ramanathapuram,96,0,80,79,97,8.29,292
611,Salem,100,0,92,100,99,4.53,134
612,Pudukkottai,72,22,90,99,70,8.58,354
613,Tiruvarur,92,3,95,69,55,6.57,199
614,Kanniyakumari,76,23,66,85,60,8.14,302
615,Karur,87,0,72,98,62,10.3,335
616,Sivaganga,76,21,87,52,85,12.58,417
617,Chennai,90,9,70,90,56,5.17,235
618,Thanjavur,86,2,81,53,22,10.53,357
619,Tiruchirappalli,85,3,86,57,19,10.34,343
620,Tenkasi,76,9,71,62,17,12.01,390
621,Namakkal,77,17,72,56,21,7.65,372
622,Tenkasi,70,21,81,75,46,9.58,308
623,Thanjavur,99,0,67,61,100,4.32,139
624,Tirupathur,78,9,95,88,57,8.41,340
625,Tiruchirappalli,97,0,88,95,61,5.47,280
626,Namakkal,76,16,81,80,22,8.05,398
627,Chengalpattu,94,2,98,100,74,7.11,230
628,Kancheepuram,72,16,95,69,27,8.72,435
629,Sivaganga,92,0,74,50,23,9.89,265
630,Chennai,75,23,75,85,64,11.43,326
631,Sivaganga,80,17,86,53,86,7.17,301
632,Karur,93,0,77,60,53,6.97,320
633,Nagapattinam,72,14,68,51,66,10.78,346
634,Tiruppur,79,6,80,50,40,7.79,363
635,Madurai,79,6,71,76,41,7.24,266
636,Tiruvarur,81,16,98,44,47,11.33,298
637,Kallakurichi,88,3,82,87,47,5.3,203
638,Chengalpattu,81,19,69,84,76,6.75,238
639,Virudhunagar,77,10,82,86,28,11.89,365
640,Tiruvallur,99,0,80,68,32,5.68,286
641,Namakkal,88,2,89,51,39,8.98,196
642,Pudukkottai,100,0,72,69,39,8.03,235
643,Chennai,81,11,89,48,82,10.85,362
644,Ramanathapuram,98,0,74,82,29,6.2,227
645,Thanjavur,80,19,89,47,67,7.78,376
646,Tirunelveli,85,12,89,62,68,9.1,325
647,Ramanathapuram,90,8,86,92,58,10.35,229
648,Karur,89,0,97,40,100,5.33,334
649,Karur,87,6,87,60,52,9.68,327
650,Tirunelveli,100,0,94,51,80,8.06,161
651,Virudhunagar,93,0,65,97,54,10.1,229
652,Mayiladuthurai,79,16,85,40,34,7.5,399
653,Nagapattinam,86,4,97,98,31,10.3,229
654,Ranipet,89,11,93,73,77,10.25,228
655,Tiruvallur,90,0,95,77,50,9.68,291
656,Tirupathur,76,24,90,52,58,11.5,330
657,Pudukkottai,94,0,83,79,38,5.09,225
658,Mayiladuthurai,93,3,80,47,70,5.73,308
659,Kallakurichi,83,3,67,50,83,9.64,222
660,Karur,89,3,89,54,97,6.41,254
661,Kallakurichi,83,9,79,53,81,6.74,232
662,Thoothukudi,78,14,86,63,76,7.18,345
663,Theni,72,28,91,79,45,9.39,439
664,Tiruvallur,76,15,68,73,76,10.26,284
665,Nilgiris,92,8,81,84,53,9.19,319
666,Madurai,80,12,85,94,44,7.02,262
667,Kancheepuram,85,13,98,43,29,5.12,353
668,Thoothukudi,96,0,81,50,19,4.45,204
669,Pudukkottai,72,22,97,83,17,9.9,438
670,Pudukkottai,71,20,90,52,58,9.26,367
671,Tirupathur,83,16,70,61,79,8.9,343
672,Tiruvallur,91,9,82,58,75,10.02,319
673,Cuddalore,76,12,83,81,81,7.84,406
674,Chengalpattu,77,20,65,99,17,9.65,394
675,Tenkasi,75,23,68,40,99,10.17,419
676,Pudukkottai,77,18,83,66,92,8.04,260
677,Pudukkottai,82,4,71,49,79,8.29,317
678,Kanniyakumari,94,0,83,76,16,3.93,216
679,Tiruchirappalli,84,7,68,51,18,7.78,296
680,Pudukkottai,74,17,87,56,44,13.53,342
681,Salem,82,15,94,77,50,7.41,274
682,Cuddalore,94,1,86,82,86,5.08,312
683,Krishnagiri,73,25,71,58,29,10.51,329
684,Tirunelveli,97,0,76,95,76,5.46,255
685,Krishnagiri,75,22,98,99,87,10.36,290
686,Erode,90,6,80,55,87,6.1,192
687,Chennai,82,12,76,83,35,11.57,258
688,Viluppuram,91,0,69,98,95,8.49,293
689,Tirupathur,95,0,83,78,61,7.71,163
690,Tirunelveli,76,14,69,54,50,11.93,295
691,Dindigul,84,8,75,95,19,8.3,334
692,Erode,89,5,95,52,66,6.48,252
693,Ramanathapuram,76,14,78,96,56,10.65,273
694,Tirunelveli,100,0,93,97,86,7.46,162
695,Thoothukudi,80,11,84,83,67,11.19,265
696,Tiruchirappalli,86,13,96,62,88,9.29,337
697,Thoothukudi,99,1,67,70,62,6.33,149
698,Viluppuram,78,11,68,100,84,10.57,313
699,Tiruvallur,73,26,95,53,56,10.35,290
700,Thanjavur,86,13,80,42,18,9.62,296
701,Namakkal,82,10,80,74,95,6.22,384
702,Krishnagiri,97,0,78,98,76,5.68,252
703,Tiruvarur,92,0,85,44,62,7.46,232
704,Viluppuram,93,3,93,92,46,7.46,318
705,Salem,76,10,71,77,40,9.75,412
706,Dharmapuri,79,21,86,46,89,10.05,397
707,Sivaganga,88,9,71,77,78,6.29,216
708,Cuddalore,98,0,95,91,29,2.63,287
709,Dharmapuri,88,0,70,82,24,9.91,288
710,Viluppuram,91,9,72,48,26,7.83,179
711,Dharmapuri,85,7,84,65,16,8.53,265
712,Thoothukudi,82,12,85,99,15,6.93,327
713,Kallakurichi,96,0,79,72,39,4.1,151
714,Theni,85,11,83,62,16,7.18,228
715,Dharmapuri,93,0,80,65,47,4.42,285
716,Cuddalore,89,0,93,60,48,8.91,248
717,Kallakurichi,98,0,81,84,66,7.16,198
718,Tenkasi,98,1,94,94,29,6.79,175
719,Ramanathapuram,82,4,75,82,95,9.51,299
720,Nilgiris,87,9,76,68,37,5.94,253
721,Thoothukudi,87,0,92,97,26,7.59,327
722,Dharmapuri,85,5,95,48,52,6.68,361
723,Salem,89,11,82,97,70,6.11,211
724,Perambalur,79,20,87,43,70,11.57,362
725,Ramanathapuram,75,13,69,54,72,8.96,309
726,Ramanathapuram,80,8,80,45,69,8.37,324
727,Nagapattinam,99,0,65,61,94,4.98,270
728,Pudukkottai,92,0,86,98,36,4.83,219
729,Kancheepuram,91,0,77,60,62,6.33,239
730,Tiruchirappalli,85,13,73,61,97,11.28,349
731,Dindigul,91,6,86,86,66,7.38,323
732,Pudukkottai,90,5,76,72,25,9.12,199
733,Madurai,82,7,84,60,20,7.4,251
734,Ariyalur,70,15,69,76,19,12.39,355
735,Namakkal,86,9,95,77,64,8.53,291
736,Tenkasi,86,14,93,68,92,8.97,223
737,Coimbatore,84,4,78,90,70,9.8,373
738,Sivaganga,72,25,90,41,49,12.5,446
739,Chennai,91,3,87,98,64,5.05,300
740,Tenkasi,83,9,95,40,51,7.77,344
741,Dindigul,76,20,71,61,32,12.31,267
742,Karur,93,0,95,82,91,5.89,202
743,Chennai,97,0,91,97,69,2.98,250
744,Ranipet,80,6,90,72,24,11.91,260
745,Thoothukudi,86,2,86,64,59,11.02,226
746,Nilgiris,70,24,84,81,67,12.18,395
747,Chengalpattu,74,19,75,67,89,9.7,365
748,Ranipet,97,0,92,79,42,8.55,169
749,Tiruvannamalai,87,5,72,75,47,10.0,209
750,Erode,88,0,84,86,48,8.13,331
751,Dharmapuri,96,1,82,82,26,3.78,215
752,Kancheepuram,96,0,66,43,65,6.75,198
753,Ramanathapuram,100,0,98,56,43,5.6,154
754,Karur,70,30,68,99,41,13.24,437
755,Mayiladuthurai,85,0,81,54,37,10.05,315
756,Cuddalore,76,13,89,62,98,11.16,377
757,Nagapattinam,76,13,67,44,79,8.33,332
758,Chennai,86,10,90,44,56,5.75,208
759,Pudukkottai,73,12,90,90,22,9.62,372
760,Kallakurichi,90,8,95,42,25,6.83,197
761,Tenkasi,78,16,80,77,52,10.19,378
762,Ranipet,95,0,77,71,43,8.34,256
763,Kancheepuram,92,8,95,45,20,6.27,321
764,Viluppuram,88,3,69,51,89,7.97,215
765,Tiruvallur,80,11,71,69,19,10.92,389
766,Theni,92,0,75,52,88,5.71,292
767,Tiruvannamalai,79,21,94,95,88,7.12,353
768,Tenkasi,99,0,97,58,77,4.44,210
769,Ranipet,86,12,75,67,30,9.11,334
770,Salem,96,0,80,72,45,8.16,226
771,Pudukkottai,72,27,97,88,88,10.17,415
772,Tiruppur,89,9,81,76,79,10.5,228
773,Dindigul,97,0,81,71,54,8.91,225
774,Tiruvallur,72,26,67,94,39,13.76,385
775,Tenkasi,97,0,80,86,33,8.53,297
776,Kanniyakumari,96,1,96,87,80,5.06,282
777,Pudukkottai,81,6,73,41,59,10.54,358
778,Tiruvarur,85,0,67,42,39,6.2,312
779,Perambalur,94,0,73,52,59,5.1,292
780,Tiruchirappalli,83,9,70,50,85,7.99,339
781,Nilgiris,92,0,73,93,68,5.3,195
782,Nilgiris,77,18,98,71,77,9.13,363
783,Krishnagiri,70,24,97,100,65,9.84,330
784,Ariyalur,82,16,68,44,94,10.23,282
785,Dindigul,79,18,84,49,87,11.49,319
786,Ranipet,84,8,83,54,35,11.44,262
787,Nilgiris,92,0,73,54,40,7.9,213
788,Chengalpattu,72,19,88,87,42,9.31,414
789,Dindigul,81,9,78,94,40,6.88,375
790,Dharmapuri,95,0,83,58,81,7.64,176
791,Ramanathapuram,80,19,84,85,38,7.39,289
792,Tiruppur,96,0,77,98,30,6.94,256
793,Ranipet,90,5,86,99,49,4.51,282
794,Ranipet,77,16,65,84,88,12.29,369
795,Namakkal,77,15,74,96,24,9.07,336
796,Ranipet,79,9,90,70,28,10.18,303
797,Thoothukudi,71,20,79,89,66,9.83,371
798,Madurai,96,1,70,78,61,7.07,262
799,Chengalpattu,84,1,92,74,37,10.36,286
800,Thanjavur,75,22,98,72,78,11.31,410
801,Tiruvarur,77,12,65,70,26,11.14,411
802,Kallakurichi,72,23,89,51,15,13.8,390
803,Tirupathur,70,28,82,97,57,9.53,359
804,Kanniyakumari,82,9,85,83,68,9.49,304
805,Tiruppur,90,0,73,67,99,7.4,234
806,Mayiladuthurai,84,14,74,57,82,8.31,322
807,Tiruppur,70,25,77,42,22,9.9,301
808,Namakkal,94,0,76,93,65,8.59,199
809,Nilgiris,89,5,77,76,28,7.42,273
810,Tiruvallur,71,14,80,76,36,12.84,360
811,Tiruvarur,78,18,97,75,73,7.42,276
812,Karur,85,10,90,59,66,8.44,315
813,Madurai,97,1,82,97,62,6.47,183
814,Viluppuram,81,10,81,67,64,11.78,310
815,Erode,95,0,97,80,94,5.31,249
816,Ranipet,71,28,67,72,99,14.14,365
817,Kanniyakumari,83,3,85,93,71,9.47,313
818,Tiruvannamalai,78,7,86,51,47,9.92,287
819,Ramanathapuram,75,19,65,97,76,11.16,295
820,Madurai,91,0,68,62,68,7.72,287
821,Sivaganga,82,7,86,89,97,9.0,302
822,Kallakurichi,70,22,80,78,91,11.86,404
823,Vellore,91,0,78,45,16,10.12,230
824,Nagapattinam,97,0,78,90,97,7.45,241
825,Tirunelveli,84,10,82,53,83,6.23,362
826,Dharmapuri,82,13,98,57,34,6.93,311
827,Kanniyakumari,88,4,71,98,33,9.43,348
828,Erode,95,0,74,49,51,6.63,150
829,Nagapattinam,80,11,75,93,50,9.75,363
830,Mayiladuthurai,82,15,90,65,38,7.78,387
831,Salem,93,1,66,50,27,6.72,298
832,Erode,76,11,81,52,15,12.22,404
833,Kallakurichi,81,19,66,71,38,10.61,335
834,Sivaganga,79,18,83,88,25,9.78,295
835,Tiruvarur,84,6,72,74,49,9.58,376
836,Thoothukudi,77,22,83,62,98,12.44,279
837,Tiruvannamalai,99,1,85,97,83,7.74,210
838,Viluppuram,87,10,88,72,38,9.8,259
839,Madurai,71,20,92,55,83,9.35,341
840,Tiruvannamalai,70,29,88,79,69,12.27,428
841,Coimbatore,71,19,83,83,63,14.22,429
842,Ramanathapuram,79,10,87,45,44,7.85,367
843,Kallakurichi,92,0,96,91,96,5.57,199
844,Ranipet,98,2,97,78,78,2.81,264
845,Chengalpattu,71,20,84,67,37,12.23,375
846,Chengalpattu,89,0,88,55,40,7.31,215
847,Kanniyakumari,75,10,87,87,51,7.91,308
848,Tiruppur,94,5,93,57,74,7.74,262
849,Nilgiris,79,10,96,66,80,7.0,359
850,Ranipet,93,5,79,73,15,6.93,253
851,Virudhunagar,100,0,67,93,77,7.97,244
852,Theni,95,0,97,62,30,4.57,163
853,Tiruppur,84,5,71,85,70,7.09,313
854,Salem,88,2,81,98,93,7.02,335
855,Cuddalore,74,23,70,68,61,8.2,326
856,Salem,98,0,82,84,15,8.0,284
857,Theni,93,0,67,86,62,8.24,165
858,Ramanathapuram,91,7,73,40,93,10.39,260
859,Dindigul,84,7,85,42,32,9.49,338
860,Kanniyakumari,75,19,77,56,33,12.03,315
861,Karur,79,18,91,92,45,8.31,376
862,Nilgiris,92,0,77,57,47,5.37,306
863,Thanjavur,94,2,83,42,37,9.63,239
864,Tiruchirappalli,72,22,95,76,91,11.05,387
865,Dharmapuri,86,14,81,97,63,8.57,280
866,Chennai,79,18,78,41,85,8.92,348
867,Tiruvallur,75,12,67,83,16,10.73,391
868,Tiruppur,100,0,86,48,18,3.32,242
869,Pudukkottai,73,16,71,68,45,10.5,426
870,Ramanathapuram,82,14,84,98,58,10.32,291
871,Erode,95,3,94,99,54,5.3,179
872,Virudhunagar,78,8,79,67,82,10.82,261
873,Virudhunagar,78,19,73,46,57,9.68,319
874,Kanniyakumari,76,14,78,84,21,11.85,371
875,Namakkal,92,5,74,90,79,8.4,186
876,Coimbatore,96,0,93,83,81,3.49,213
877,Tenkasi,84,6,82,45,96,11.21,217
878,Krishnagiri,70,28,90,55,53,12.48,379
879,Thoothukudi,79,15,88,94,64,12.41,394
880,Viluppuram,83,7,78,83,36,10.57,323
881,Coimbatore,82,9,71,50,63,11.12,352
882,Dharmapuri,93,0,87,98,17,8.7,221
883,Dharmapuri,94,3,67,76,91,8.5,288
884,Erode,82,7,96,68,61,8.53,250
885,Thoothukudi,96,0,84,95,24,5.51,261
886,Namakkal,100,0,78,46,39,7.68,129
887,Karur,94,0,66,96,38,9.73,263
888,Pudukkottai,97,0,80,70,38,5.93,146
889,Tiruppur,93,0,80,58,57,9.42,232
890,Coimbatore,96,1,88,59,81,5.28,267
891,Salem,76,10,65,50,72,12.57,290
892,Mayiladuthurai,84,11,94,75,42,10.07,283
893,Tiruchirappalli,73,25,65,92,17,13.4,438
894,Cuddalore,88,0,75,96,30,7.98,210
895,Tenkasi,91,3,98,42,90,4.23,330
896,Thanjavur,95,0,71,87,23,9.44,309
897,Ramanathapuram,77,17,95,90,88,11.47,319
898,Krishnagiri,87,3,87,83,57,9.38,302
899,Thoothukudi,86,10,92,41,23,5.81,328
900,Tiruppur,70,23,92,70,57,12.34,390
901,Tirupathur,71,20,90,96,20,11.33,299
902,Coimbatore,98,0,94,58,49,6.76,282
903,Tiruvarur,76,20,71,75,60,13.39,403
904,Theni,100,0,82,98,85,5.69,150
905,Tirunelveli,72,28,88,46,60,11.8,367
906,Perambalur,89,11,98,85,69,5.3,250
907,Perambalur,82,16,86,75,49,11.35,351
908,Tirunelveli,71,20,78,96,91,8.5,340
909,Kanniyakumari,84,5,81,58,69,9.4,253
910,Nilgiris,93,1,71,77,90,6.33,239
911,Namakkal,91,6,95,68,48,5.32,308
912,Chengalpattu,84,11,93,58,95,7.01,285
913,Coimbatore,95,3,89,47,21,4.33,298
914,Pudukkottai,85,13,68,49,66,10.99,291
915,Tiruvannamalai,87,0,72,43,68,5.95,254
916,Nagapattinam,99,0,95,70,99,4.94,157
917,Tiruvarur,99,1,89,40,94,4.49,127
918,Kancheepuram,89,5,98,97,19,9.9,302
919,Kancheepuram,72,27,77,43,19,9.55,299
920,Dindigul,97,0,75,68,83,7.86,187
921,Tiruvallur,84,15,91,82,81,9.72,322
922,Theni,88,4,76,47,82,9.82,312
923,Pudukkottai,92,2,90,98,53,5.06,309
924,Namakkal,96,0,65,50,39,5.07,179
925,Cuddalore,99,0,81,86,27,3.69,189
926,Coimbatore,86,11,74,66,83,7.79,325
927,Perambalur,85,0,88,85,53,8.74,335
928,Tenkasi,91,0,86,69,23,7.26,306
929,Dindigul,100,0,68,63,58,5.47,133
930,Ariyalur,72,25,90,86,65,10.56,447
931,Nilgiris,70,17,76,59,67,10.39,411
932,Chennai,97,0,66,87,16,7.08,162
933,Cuddalore,70,17,80,60,24,12.62,444
934,Kallakurichi,86,6,95,87,68,10.81,313
935,Dindigul,71,29,96,81,70,9.92,315
936,Dindigul,72,14,69,89,56,13.02,349
937,Coimbatore,88,5,68,45,69,6.34,212
938,Kallakurichi,98,0,82,51,91,6.25,223
939,Namakkal,75,14,91,73,86,7.46,336
940,Dindigul,82,15,84,96,68,8.4,272
941,Madurai,84,7,79,98,38,10.73,256
942,Namakkal,80,15,84,42,96,11.24,330
943,Erode,81,6,72,58,84,9.9,249
944,Salem,88,2,82,99,43,7.47,345
945,Mayiladuthurai,75,13,90,45,20,9.33,278
946,Sivaganga,85,1,81,87,47,5.92,299
947,Sivaganga,96,0,65,97,69,9.68,159
948,Tenkasi,85,4,78,41,75,6.96,370
949,Dindigul,70,18,85,50,96,13.32,388
950,Tiruvarur,71,23,71,96,97,12.0,414
951,Kallakurichi,80,19,65,77,82,10.14,252
952,Tirupathur,96,1,71,44,47,7.67,303
953,Ariyalur,77,19,93,63,34,10.19,300
954,Coimbatore,89,5,68,48,89,5.27,277
955,Erode,90,1,96,66,85,9.88,207
956,Dharmapuri,81,11,85,97,46,11.06,343
957,Thoothukudi,78,8,88,95,46,12.68,324
958,Chengalpattu,89,5,92,78,48,5.25,338
959,Theni,90,10,75,69,67,8.76,278
960,Ranipet,80,16,90,97,100,11.61,329
961,Namakkal,98,1,94,41,21,2.79,215
962,Tiruvannamalai,85,1,85,93,86,6.9,271
963,Ranipet,70,27,97,51,93,9.72,449
964,Tenkasi,73,20,69,77,45,11.74,343
965,Kanniyakumari,96,0,77,51,73,7.08,261
966,Sivaganga,78,14,95,99,44,9.02,252
967,Tirupathur,78,8,80,63,52,8.04,327
968,Nagapattinam,80,8,95,43,88,9.77,365
969,Namakkal,86,10,73,93,40,6.54,329
970,Kancheepuram,82,11,91,41,17,8.75,244
971,Sivaganga,90,0,88,48,46,5.31,256
972,Chennai,90,0,68,55,84,8.13,242
973,Tirunelveli,94,1,71,69,94,9.38,302
974,Kanniyakumari,74,14,85,62,52,10.2,316
975,Theni,76,12,95,46,39,8.65,403
976,Erode,96,0,77,90,99,5.1,229
977,Tiruppur,98,0,97,74,25,5.34,219
978,Virudhunagar,93,4,70,80,91,8.67,256
979,Thoothukudi,96,1,78,93,38,7.52,225
980,Theni,73,23,81,65,92,8.79,346
981,Dindigul,91,6,78,48,72,8.12,222
982,Theni,75,11,77,40,28,11.37,399
983,Namakkal,80,10,85,43,46,8.19,386
984,Pudukkottai,91,0,85,56,64,7.89,181
985,Tiruvannamalai,84,4,85,56,52,6.13,318
986,Dindigul,81,9,82,61,31,10.57,353
987,Vellore,94,0,80,82,85,5.55,196
988,Dindigul,98,0,72,84,58,4.51,134
989,Salem,99,0,93,55,80,2.84,167
990,Vellore,83,5,65,41,82,7.95,255
991,Tirunelveli,91,0,93,52,54,8.01,252
992,Dharmapuri,76,20,78,100,71,8.23,330
993,Kanniyakumari,78,19,95,73,76,10.71,335
994,Viluppuram,96,0,81,52,89,8.18,255
995,Ramanathapuram,82,9,92,54,60,10.44,313
996,Dharmapuri,75,20,83,74,65,8.5,305
997,Tiruchirappalli,86,11,91,59,77,5.2,357
998,Kallakurichi,86,0,65,81,80,11.49,349
999,Cuddalore,97,0,91,56,89,4.36,249
1000,Ariyalur,92,0,95,67,79,9.06,300
